file,length,avg_db,class,class_id
hi-hat_001.wav,0.1035,-65.2291,hi-hat,1
hi-hat_002.wav,0.4307,-72.2919,hi-hat,1
hi-hat_003.wav,0.3285,-68.8747,hi-hat,1
hi-hat_004.wav,0.278,-66.5489,hi-hat,1
hi-hat_005.wav,0.2927,-58.2742,hi-hat,1
hi-hat_006.wav,0.3066,-65.3395,hi-hat,1
hi-hat_007.wav,0.3138,-72.6888,hi-hat,1
hi-hat_008.wav,0.2028,-73.3941,hi-hat,1
hi-hat_009.wav,0.1327,-61.6582,hi-hat,1
hi-hat_010.wav,0.1709,-63.4266,hi-hat,1
hi-hat_011.wav,0.3691,-61.6634,hi-hat,1
hi-hat_012.wav,0.2867,-77.7493,hi-hat,1
hi-hat_013.wav,0.0918,-62.951,hi-hat,1
hi-hat_014.wav,0.4631,-48.2227,hi-hat,1
hi-hat_015.wav,0.1456,-46.0592,hi-hat,1
hi-hat_016.wav,0.4811,-66.7125,hi-hat,1
hi-hat_017.wav,0.2866,-63.1575,hi-hat,1
hi-hat_018.wav,0.2743,-65.6837,hi-hat,1
hi-hat_019.wav,0.2993,-72.1073,hi-hat,1
hi-hat_020.wav,0.1843,-63.9465,hi-hat,1
hi-hat_021.wav,0.6542,-67.223,hi-hat,1
hi-hat_022.wav,0.1871,-58.8667,hi-hat,1
hi-hat_023.wav,0.1694,-60.9966,hi-hat,1
hi-hat_024.wav,0.101,-68.6726,hi-hat,1
hi-hat_025.wav,0.1094,-67.594,hi-hat,1
hi-hat_026.wav,0.743,-79.973,hi-hat,1
hi-hat_027.wav,0.3091,-81.191,hi-hat,1
hi-hat_028.wav,0.4439,-68.3382,hi-hat,1
hi-hat_029.wav,0.743,-83.4746,hi-hat,1
hi-hat_030.wav,0.5172,-55.073,hi-hat,1
hi-hat_031.wav,0.6827,-80.271,hi-hat,1
hi-hat_032.wav,0.6827,-77.0359,hi-hat,1
hi-hat_033.wav,0.743,-86.3077,hi-hat,1
hi-hat_034.wav,0.743,-80.6992,hi-hat,1
hi-hat_035.wav,0.3146,-65.1998,hi-hat,1
hi-hat_036.wav,0.743,-84.4046,hi-hat,1
hi-hat_037.wav,0.743,-73.8735,hi-hat,1
hi-hat_038.wav,0.6827,-73.9615,hi-hat,1
hi-hat_039.wav,0.743,-71.0947,hi-hat,1
hi-hat_040.wav,0.1676,-69.908,hi-hat,1
hi-hat_041.wav,0.3037,-67.2313,hi-hat,1
hi-hat_042.wav,0.1167,-68.2226,hi-hat,1
hi-hat_043.wav,0.1741,-71.8525,hi-hat,1
hi-hat_044.wav,0.1203,-62.4423,hi-hat,1
hi-hat_045.wav,0.2702,-71.5688,hi-hat,1
hi-hat_046.wav,0.1393,-65.7456,hi-hat,1
hi-hat_047.wav,0.2872,-68.01,hi-hat,1
hi-hat_048.wav,0.1902,-63.7653,hi-hat,1
hi-hat_049.wav,0.2046,-63.7021,hi-hat,1
hi-hat_050.wav,0.1046,-63.8561,hi-hat,1
hi-hat_051.wav,1.058,-81.7107,hi-hat,1
hi-hat_052.wav,0.3183,-69.191,hi-hat,1
hi-hat_053.wav,1.1581,-74.2421,hi-hat,1
hi-hat_054.wav,1.4985,-80.2647,hi-hat,1
hi-hat_055.wav,1.1979,-79.7789,hi-hat,1
hi-hat_056.wav,0.938,-81.4876,hi-hat,1
hi-hat_057.wav,0.097,-67.4908,hi-hat,1
hi-hat_058.wav,0.1644,-69.5079,hi-hat,1
hi-hat_059.wav,1.2722,-82.615,hi-hat,1
hi-hat_060.wav,0.8992,-76.2257,hi-hat,1
hi-hat_061.wav,0.1488,-63.0452,hi-hat,1
hi-hat_062.wav,1.1466,-81.9613,hi-hat,1
hi-hat_063.wav,0.1342,-65.5539,hi-hat,1
hi-hat_064.wav,0.2061,-68.9586,hi-hat,1
hi-hat_065.wav,0.2397,-66.0743,hi-hat,1
hi-hat_066.wav,1.2257,-82.1151,hi-hat,1
hi-hat_067.wav,1.8535,-77.0648,hi-hat,1
hi-hat_068.wav,0.1726,-67.5924,hi-hat,1
hi-hat_069.wav,0.338,-70.9156,hi-hat,1
hi-hat_070.wav,1.1443,-83.9115,hi-hat,1
hi-hat_071.wav,1.2543,-78.6658,hi-hat,1
hi-hat_072.wav,0.1853,-64.2278,hi-hat,1
hi-hat_073.wav,0.354,-73.6847,hi-hat,1
hi-hat_074.wav,0.3539,-68.8287,hi-hat,1
hi-hat_075.wav,0.2307,-67.8451,hi-hat,1
hi-hat_076.wav,0.1647,-64.5197,hi-hat,1
hi-hat_077.wav,0.3487,-69.0271,hi-hat,1
hi-hat_078.wav,0.2422,-62.0654,hi-hat,1
hi-hat_079.wav,0.1867,-62.9325,hi-hat,1
hi-hat_080.wav,0.241,-61.9927,hi-hat,1
hi-hat_081.wav,0.1647,-65.5561,hi-hat,1
hi-hat_082.wav,0.2505,-66.1274,hi-hat,1
hi-hat_083.wav,0.1093,-68.1418,hi-hat,1
hi-hat_084.wav,0.1513,-55.4595,hi-hat,1
hi-hat_085.wav,0.112,-67.3188,hi-hat,1
hi-hat_086.wav,0.3814,-69.4555,hi-hat,1
hi-hat_087.wav,0.4298,-66.6877,hi-hat,1
hi-hat_088.wav,0.1791,-65.6539,hi-hat,1
hi-hat_089.wav,0.378,-61.4353,hi-hat,1
hi-hat_090.wav,0.1598,-64.5542,hi-hat,1
hi-hat_091.wav,0.3036,-69.715,hi-hat,1
hi-hat_092.wav,0.2534,-72.8665,hi-hat,1
hi-hat_093.wav,0.2583,-70.5783,hi-hat,1
hi-hat_094.wav,0.6458,-76.2402,hi-hat,1
hi-hat_095.wav,0.2231,-69.5819,hi-hat,1
hi-hat_096.wav,0.1485,-64.586,hi-hat,1
hi-hat_097.wav,0.3699,-60.8414,hi-hat,1
hi-hat_098.wav,0.2156,-67.4459,hi-hat,1
hi-hat_099.wav,0.2173,-67.3623,hi-hat,1
hi-hat_100.wav,0.3329,-69.9181,hi-hat,1
hi-hat_101.wav,0.1848,-68.2261,hi-hat,1
hi-hat_102.wav,0.3623,-66.392,hi-hat,1
hi-hat_103.wav,0.185,-69.2197,hi-hat,1
hi-hat_104.wav,0.3988,-71.4481,hi-hat,1
hi-hat_105.wav,0.1502,-60.4292,hi-hat,1
hi-hat_106.wav,0.1742,-66.707,hi-hat,1
hi-hat_107.wav,0.1708,-58.1328,hi-hat,1
hi-hat_108.wav,0.2961,-81.9071,hi-hat,1
hi-hat_109.wav,0.31,-75.9804,hi-hat,1
hi-hat_110.wav,0.1812,-60.0281,hi-hat,1
hi-hat_111.wav,0.0776,-59.1485,hi-hat,1
hi-hat_112.wav,0.1644,-62.2116,hi-hat,1
hi-hat_113.wav,0.1093,-63.9738,hi-hat,1
hi-hat_114.wav,0.7805,-75.8708,hi-hat,1
hi-hat_115.wav,0.7736,-75.0914,hi-hat,1
hi-hat_116.wav,0.1794,-64.5871,hi-hat,1
hi-hat_117.wav,0.1923,-64.1862,hi-hat,1
hi-hat_118.wav,0.2252,-65.7882,hi-hat,1
hi-hat_119.wav,0.1888,-62.8824,hi-hat,1
hi-hat_120.wav,0.172,-68.1236,hi-hat,1
hi-hat_121.wav,0.1202,-61.4594,hi-hat,1
hi-hat_122.wav,0.205,-57.2485,hi-hat,1
hi-hat_123.wav,0.155,-62.3118,hi-hat,1
hi-hat_124.wav,0.1227,-59.8658,hi-hat,1
hi-hat_125.wav,0.1299,-55.7051,hi-hat,1
hi-hat_126.wav,0.3074,-66.9039,hi-hat,1
hi-hat_127.wav,0.2628,-64.7664,hi-hat,1
hi-hat_128.wav,0.1827,-57.4273,hi-hat,1
hi-hat_129.wav,0.2968,-63.2344,hi-hat,1
hi-hat_130.wav,0.3322,-66.5713,hi-hat,1
hi-hat_131.wav,0.1345,-64.8131,hi-hat,1
hi-hat_132.wav,0.1642,-58.7099,hi-hat,1
hi-hat_133.wav,0.1181,-63.7506,hi-hat,1
hi-hat_134.wav,0.2908,-75.1373,hi-hat,1
hi-hat_135.wav,0.186,-67.0136,hi-hat,1
hi-hat_136.wav,0.2884,-59.8524,hi-hat,1
hi-hat_137.wav,0.4496,-64.536,hi-hat,1
hi-hat_138.wav,0.1698,-60.0596,hi-hat,1
hi-hat_139.wav,0.09,-60.0112,hi-hat,1
hi-hat_140.wav,0.0961,-56.7485,hi-hat,1
hi-hat_141.wav,0.1037,-52.5406,hi-hat,1
hi-hat_142.wav,0.1093,-66.18,hi-hat,1
hi-hat_143.wav,0.1819,-67.3972,hi-hat,1
hi-hat_144.wav,0.2097,-62.4431,hi-hat,1
hi-hat_145.wav,0.2161,-57.9718,hi-hat,1
hi-hat_146.wav,0.161,-60.4959,hi-hat,1
hi-hat_147.wav,0.1293,-63.1219,hi-hat,1
hi-hat_148.wav,0.2329,-68.5082,hi-hat,1
hi-hat_149.wav,0.1621,-67.2107,hi-hat,1
hi-hat_150.wav,0.1647,-61.8207,hi-hat,1
hi-hat_151.wav,0.2937,-70.6154,hi-hat,1
hi-hat_152.wav,0.2494,-59.1798,hi-hat,1
hi-hat_153.wav,0.1849,-66.9418,hi-hat,1
hi-hat_154.wav,0.1597,-66.1057,hi-hat,1
hi-hat_155.wav,0.3547,-68.599,hi-hat,1
hi-hat_156.wav,0.2372,-69.5629,hi-hat,1
hi-hat_157.wav,0.3101,-64.5765,hi-hat,1
hi-hat_158.wav,0.432,-67.7631,hi-hat,1
hi-hat_159.wav,0.1822,-65.6089,hi-hat,1
hi-hat_160.wav,0.1486,-65.208,hi-hat,1
hi-hat_161.wav,0.7978,-73.1992,hi-hat,1
hi-hat_162.wav,0.154,-64.0338,hi-hat,1
hi-hat_163.wav,0.1368,-61.9109,hi-hat,1
hi-hat_164.wav,0.2635,-67.4462,hi-hat,1
hi-hat_165.wav,0.1884,-67.3821,hi-hat,1
hi-hat_166.wav,0.3183,-69.1463,hi-hat,1
hi-hat_167.wav,0.3177,-67.0798,hi-hat,1
hi-hat_168.wav,0.2859,-60.5482,hi-hat,1
hi-hat_169.wav,0.1517,-61.2967,hi-hat,1
hi-hat_170.wav,0.1848,-63.0178,hi-hat,1
hi-hat_171.wav,0.2579,-71.1604,hi-hat,1
hi-hat_172.wav,0.3624,-59.8008,hi-hat,1
hi-hat_173.wav,0.4407,-63.4237,hi-hat,1
hi-hat_174.wav,0.2722,-58.7524,hi-hat,1
hi-hat_175.wav,0.6628,-69.4193,hi-hat,1
hi-hat_176.wav,0.2125,-70.3452,hi-hat,1
hi-hat_177.wav,0.5661,-63.923,hi-hat,1
hi-hat_178.wav,0.3349,-63.2901,hi-hat,1
hi-hat_179.wav,0.2495,-67.0363,hi-hat,1
hi-hat_180.wav,0.1982,-64.6037,hi-hat,1
hi-hat_181.wav,0.264,-70.9053,hi-hat,1
hi-hat_182.wav,0.196,-57.1143,hi-hat,1
hi-hat_183.wav,0.1761,-63.9515,hi-hat,1
hi-hat_184.wav,0.2199,-62.8718,hi-hat,1
hi-hat_185.wav,0.9116,-68.53,hi-hat,1
hi-hat_186.wav,0.9116,-68.53,hi-hat,1
hi-hat_187.wav,0.298,-72.1311,hi-hat,1
hi-hat_188.wav,0.2169,-73.3271,hi-hat,1
hi-hat_189.wav,0.2653,-60.4524,hi-hat,1
hi-hat_190.wav,0.3278,-69.7153,hi-hat,1
hi-hat_191.wav,0.1742,-63.4032,hi-hat,1
hi-hat_192.wav,0.3154,-66.8408,hi-hat,1
hi-hat_193.wav,0.1844,-56.9142,hi-hat,1
hi-hat_194.wav,0.1658,-57.5293,hi-hat,1
hi-hat_195.wav,0.2936,-69.9711,hi-hat,1
hi-hat_196.wav,0.223,-60.7573,hi-hat,1
hi-hat_197.wav,0.2809,-60.5407,hi-hat,1
hi-hat_198.wav,0.0893,-60.3496,hi-hat,1
hi-hat_199.wav,0.1368,-71.3292,hi-hat,1
hi-hat_200.wav,0.1731,-66.0017,hi-hat,1
hi-hat_201.wav,0.1368,-61.9342,hi-hat,1
hi-hat_202.wav,0.1565,-65.7764,hi-hat,1
hi-hat_203.wav,0.1378,-63.9417,hi-hat,1
hi-hat_204.wav,0.1729,-60.0955,hi-hat,1
hi-hat_205.wav,0.1817,-63.7353,hi-hat,1
hi-hat_206.wav,0.1061,-66.1472,hi-hat,1
hi-hat_207.wav,0.2126,-52.3486,hi-hat,1
hi-hat_208.wav,0.1281,-60.838,hi-hat,1
hi-hat_209.wav,0.3337,-65.2641,hi-hat,1
hi-hat_210.wav,0.2454,-68.0916,hi-hat,1
hi-hat_211.wav,0.2131,-60.6575,hi-hat,1
hi-hat_212.wav,0.2926,-71.6996,hi-hat,1
hi-hat_213.wav,0.1149,-64.9462,hi-hat,1
hi-hat_214.wav,0.2686,-62.1892,hi-hat,1
hi-hat_215.wav,0.3334,-75.0204,hi-hat,1
hi-hat_216.wav,0.0634,-61.1373,hi-hat,1
hi-hat_217.wav,0.1165,-61.7583,hi-hat,1
hi-hat_218.wav,0.117,-64.2265,hi-hat,1
hi-hat_219.wav,0.3845,-64.6396,hi-hat,1
hi-hat_220.wav,0.1427,-68.5594,hi-hat,1
hi-hat_221.wav,0.3267,-76.7041,hi-hat,1
hi-hat_222.wav,0.1067,-67.7717,hi-hat,1
hi-hat_223.wav,0.1734,-61.9874,hi-hat,1
hi-hat_224.wav,0.0813,-64.6574,hi-hat,1
hi-hat_225.wav,0.0831,-61.2978,hi-hat,1
hi-hat_226.wav,0.1506,-70.5066,hi-hat,1
hi-hat_227.wav,0.3597,-63.9883,hi-hat,1
hi-hat_228.wav,0.1581,-62.0703,hi-hat,1
hi-hat_229.wav,0.3371,-68.6229,hi-hat,1
hi-hat_230.wav,0.3503,-63.8332,hi-hat,1
hi-hat_231.wav,0.1673,-65.1437,hi-hat,1
hi-hat_232.wav,0.1408,-61.0482,hi-hat,1
hi-hat_233.wav,0.1658,-60.8889,hi-hat,1
hi-hat_234.wav,0.1318,-67.1154,hi-hat,1
hi-hat_235.wav,0.3824,-72.6094,hi-hat,1
hi-hat_236.wav,0.2007,-67.7608,hi-hat,1
hi-hat_237.wav,0.1918,-66.6717,hi-hat,1
hi-hat_238.wav,0.1744,-64.8113,hi-hat,1
hi-hat_239.wav,0.3196,-61.0882,hi-hat,1
hi-hat_240.wav,0.269,-62.4705,hi-hat,1
hi-hat_241.wav,0.1985,-61.7756,hi-hat,1
hi-hat_242.wav,0.1331,-67.0465,hi-hat,1
hi-hat_243.wav,0.1546,-66.28,hi-hat,1
hi-hat_244.wav,0.4267,-52.1337,hi-hat,1
hi-hat_245.wav,0.1816,-67.5308,hi-hat,1
hi-hat_246.wav,0.1692,-65.4739,hi-hat,1
hi-hat_247.wav,0.3774,-77.0274,hi-hat,1
hi-hat_248.wav,0.3664,-64.8846,hi-hat,1
hi-hat_249.wav,0.3284,-71.8382,hi-hat,1
hi-hat_250.wav,0.32,-76.0109,hi-hat,1
kick_001.wav,1.1557,-56.0119,kick,2
kick_002.wav,0.7804,-56.6722,kick,2
kick_003.wav,1.0756,-70.8163,kick,2
kick_004.wav,1.4117,-69.624,kick,2
kick_005.wav,1.1528,-63.5768,kick,2
kick_006.wav,2.0131,-62.2986,kick,2
kick_007.wav,0.2463,-60.5203,kick,2
kick_008.wav,0.1326,-64.4826,kick,2
kick_009.wav,0.1437,-56.5078,kick,2
kick_010.wav,0.471,-66.4514,kick,2
kick_011.wav,0.199,-54.031,kick,2
kick_012.wav,0.6999,-47.7428,kick,2
kick_013.wav,0.9727,-65.7614,kick,2
kick_014.wav,0.2073,-56.63,kick,2
kick_015.wav,0.4706,-65.2814,kick,2
kick_016.wav,0.3703,-59.4133,kick,2
kick_017.wav,0.2228,-54.3739,kick,2
kick_018.wav,0.1767,-48.3567,kick,2
kick_019.wav,0.1741,-67.728,kick,2
kick_020.wav,0.2811,-55.1047,kick,2
kick_021.wav,0.201,-55.5005,kick,2
kick_022.wav,0.3385,-58.5401,kick,2
kick_023.wav,0.6822,-66.31,kick,2
kick_024.wav,0.49,-58.0207,kick,2
kick_025.wav,0.217,-63.9554,kick,2
kick_026.wav,0.3461,-58.1482,kick,2
kick_027.wav,0.4805,-48.6355,kick,2
kick_028.wav,0.1321,-51.7662,kick,2
kick_029.wav,0.5595,-60.1803,kick,2
kick_030.wav,0.5143,-58.2397,kick,2
kick_031.wav,0.3207,-55.3448,kick,2
kick_032.wav,0.2647,-55.3719,kick,2
kick_033.wav,0.1806,-51.1015,kick,2
kick_034.wav,0.2456,-62.3124,kick,2
kick_035.wav,0.8249,-62.272,kick,2
kick_036.wav,0.3632,-54.3501,kick,2
kick_037.wav,0.2054,-44.9807,kick,2
kick_038.wav,0.2112,-61.8932,kick,2
kick_039.wav,0.1596,-53.5709,kick,2
kick_040.wav,0.1676,-43.3912,kick,2
kick_041.wav,0.2594,-62.202,kick,2
kick_042.wav,0.2205,-50.8774,kick,2
kick_043.wav,0.7544,-55.2536,kick,2
kick_044.wav,0.3302,-64.4223,kick,2
kick_045.wav,0.1795,-57.6977,kick,2
kick_046.wav,1.7,-61.2694,kick,2
kick_047.wav,0.1235,-51.8578,kick,2
kick_048.wav,0.5206,-55.8575,kick,2
kick_049.wav,0.4044,-68.1775,kick,2
kick_050.wav,0.3113,-60.4795,kick,2
kick_051.wav,0.5826,-63.5993,kick,2
kick_052.wav,0.3273,-54.1643,kick,2
kick_053.wav,0.2407,-61.3089,kick,2
kick_054.wav,0.4317,-69.9642,kick,2
kick_055.wav,0.2101,-56.3791,kick,2
kick_056.wav,0.1395,-52.5596,kick,2
kick_057.wav,0.8128,-59.0917,kick,2
kick_058.wav,0.3052,-55.7716,kick,2
kick_059.wav,0.3853,-56.9179,kick,2
kick_060.wav,0.2716,-60.866,kick,2
kick_061.wav,0.2939,-57.8405,kick,2
kick_062.wav,0.2844,-62.9326,kick,2
kick_063.wav,0.3243,-57.3963,kick,2
kick_064.wav,0.4506,-57.5384,kick,2
kick_065.wav,0.1887,-62.9388,kick,2
kick_066.wav,0.1522,-56.7191,kick,2
kick_067.wav,0.2376,-66.9492,kick,2
kick_068.wav,0.4166,-56.373,kick,2
kick_069.wav,0.1906,-58.9948,kick,2
kick_070.wav,0.1931,-56.5964,kick,2
kick_071.wav,1.0047,-60.3635,kick,2
kick_072.wav,0.1937,-56.7713,kick,2
kick_073.wav,0.242,-59.2429,kick,2
kick_074.wav,0.1868,-51.0463,kick,2
kick_075.wav,0.3072,-58.9923,kick,2
kick_076.wav,0.3532,-63.6267,kick,2
kick_077.wav,0.202,-57.5977,kick,2
kick_078.wav,0.351,-66.0905,kick,2
kick_079.wav,0.4122,-57.1104,kick,2
kick_080.wav,0.2729,-54.3829,kick,2
kick_081.wav,0.4555,-62.9282,kick,2
kick_082.wav,0.2625,-58.242,kick,2
kick_083.wav,0.1556,-53.8634,kick,2
kick_084.wav,0.7452,-63.9431,kick,2
kick_085.wav,0.4411,-63.7169,kick,2
kick_086.wav,0.3183,-63.7522,kick,2
kick_087.wav,0.1759,-50.0224,kick,2
kick_088.wav,0.381,-42.7729,kick,2
kick_089.wav,0.2985,-59.9708,kick,2
kick_090.wav,1.0864,-54.4923,kick,2
kick_091.wav,0.2345,-55.1065,kick,2
kick_092.wav,0.3166,-55.2654,kick,2
kick_093.wav,0.5529,-57.4743,kick,2
kick_094.wav,0.266,-56.9995,kick,2
kick_095.wav,0.4307,-63.4277,kick,2
kick_096.wav,0.4765,-53.7049,kick,2
kick_097.wav,0.3277,-62.0686,kick,2
kick_098.wav,0.1908,-55.183,kick,2
kick_099.wav,0.4267,-67.5683,kick,2
kick_100.wav,0.2786,-57.6849,kick,2
kick_101.wav,1.0691,-55.9279,kick,2
kick_102.wav,0.0967,-60.2312,kick,2
kick_103.wav,0.743,-59.0109,kick,2
kick_104.wav,0.743,-64.0922,kick,2
kick_105.wav,0.743,-71.2324,kick,2
kick_106.wav,0.6827,-65.3383,kick,2
kick_107.wav,0.743,-71.9482,kick,2
kick_108.wav,0.3149,-54.3214,kick,2
kick_109.wav,0.4853,-65.0473,kick,2
kick_110.wav,0.4891,-68.2185,kick,2
kick_111.wav,0.9277,-70.7835,kick,2
kick_112.wav,0.7849,-59.0172,kick,2
kick_113.wav,0.3098,-58.7016,kick,2
kick_114.wav,0.743,-68.2483,kick,2
kick_115.wav,1.1981,-78.9747,kick,2
kick_116.wav,0.743,-77.5436,kick,2
kick_117.wav,0.6827,-68.3788,kick,2
kick_118.wav,0.743,-77.2789,kick,2
kick_119.wav,0.743,-70.8497,kick,2
kick_120.wav,0.6827,-76.4993,kick,2
kick_121.wav,0.743,-73.8235,kick,2
kick_122.wav,0.743,-57.225,kick,2
kick_123.wav,0.743,-70.4486,kick,2
kick_124.wav,0.2594,-59.9161,kick,2
kick_125.wav,0.743,-71.3012,kick,2
kick_126.wav,0.743,-67.6786,kick,2
kick_127.wav,0.743,-70.8269,kick,2
kick_128.wav,1.3654,-75.157,kick,2
kick_129.wav,0.743,-68.6849,kick,2
kick_130.wav,1.4861,-61.3121,kick,2
kick_131.wav,0.743,-65.1938,kick,2
kick_132.wav,0.743,-71.3335,kick,2
kick_133.wav,0.743,-70.8445,kick,2
kick_134.wav,0.743,-74.7143,kick,2
kick_135.wav,0.1663,-48.135,kick,2
kick_136.wav,0.743,-73.8492,kick,2
kick_137.wav,0.743,-61.7338,kick,2
kick_138.wav,0.743,-57.2269,kick,2
kick_139.wav,1.1848,-72.8952,kick,2
kick_140.wav,0.9838,-70.9087,kick,2
kick_141.wav,0.9812,-70.1195,kick,2
kick_142.wav,0.3205,-53.6747,kick,2
kick_143.wav,0.3205,-54.655,kick,2
kick_144.wav,1.4259,-68.9437,kick,2
kick_145.wav,0.9824,-74.5095,kick,2
kick_146.wav,0.1234,-55.9684,kick,2
kick_147.wav,0.3453,-53.3143,kick,2
kick_148.wav,0.3291,-52.1616,kick,2
kick_149.wav,1.024,-72.1669,kick,2
kick_150.wav,0.2166,-57.1032,kick,2
kick_151.wav,1.2452,-71.558,kick,2
kick_152.wav,1.731,-75.4371,kick,2
kick_153.wav,1.0127,-73.5794,kick,2
kick_154.wav,1.032,-72.6241,kick,2
kick_155.wav,1.2101,-71.0886,kick,2
kick_156.wav,1.2873,-74.419,kick,2
kick_157.wav,0.4464,-45.7882,kick,2
kick_158.wav,1.1289,-69.1395,kick,2
kick_159.wav,1.2517,-71.2064,kick,2
kick_160.wav,0.9977,-74.8223,kick,2
kick_161.wav,1.2672,-75.1632,kick,2
kick_162.wav,1.523,-71.514,kick,2
kick_163.wav,1.3729,-68.106,kick,2
kick_164.wav,0.3084,-57.7323,kick,2
kick_165.wav,1.7252,-72.4637,kick,2
kick_166.wav,1.5425,-63.6749,kick,2
kick_167.wav,1.0961,-68.4332,kick,2
kick_168.wav,0.4962,-58.7796,kick,2
kick_169.wav,1.2368,-68.5269,kick,2
kick_170.wav,1.7914,-69.9402,kick,2
kick_171.wav,0.9235,-70.8084,kick,2
kick_172.wav,2.4097,-65.3648,kick,2
kick_173.wav,1.322,-72.7401,kick,2
kick_174.wav,0.298,-61.2696,kick,2
kick_175.wav,0.3451,-51.1542,kick,2
kick_176.wav,1.7424,-73.0167,kick,2
kick_177.wav,0.3779,-53.1608,kick,2
kick_178.wav,1.2407,-66.5945,kick,2
kick_179.wav,0.2922,-54.1356,kick,2
kick_180.wav,1.0019,-74.062,kick,2
kick_181.wav,0.9211,-74.1723,kick,2
kick_182.wav,1.902,-76.8275,kick,2
kick_183.wav,1.58,-69.6829,kick,2
kick_184.wav,0.9583,-70.6395,kick,2
kick_185.wav,1.4184,-68.5416,kick,2
kick_186.wav,0.3514,-60.1815,kick,2
kick_187.wav,1.125,-66.1471,kick,2
kick_188.wav,1.3617,-73.9024,kick,2
kick_189.wav,0.3182,-60.313,kick,2
kick_190.wav,0.5306,-64.2836,kick,2
kick_191.wav,1.8909,-75.1211,kick,2
kick_192.wav,0.3497,-63.8946,kick,2
kick_193.wav,1.2059,-66.7183,kick,2
kick_194.wav,0.3462,-51.1371,kick,2
kick_195.wav,0.2033,-59.7247,kick,2
kick_196.wav,0.9333,-69.0554,kick,2
kick_197.wav,1.4826,-72.2949,kick,2
kick_198.wav,0.3634,-53.5234,kick,2
kick_199.wav,0.9644,-72.2141,kick,2
kick_200.wav,0.3607,-54.6642,kick,2
kick_201.wav,0.5077,-61.2996,kick,2
kick_202.wav,0.5199,-55.6188,kick,2
kick_203.wav,1.2642,-68.7863,kick,2
kick_204.wav,0.9698,-70.4884,kick,2
kick_205.wav,0.296,-53.2874,kick,2
kick_206.wav,1.7613,-72.794,kick,2
kick_207.wav,1.0493,-65.8876,kick,2
kick_208.wav,1.7888,-75.3384,kick,2
kick_209.wav,0.3518,-58.3954,kick,2
kick_210.wav,0.3508,-52.8266,kick,2
kick_211.wav,0.194,-57.5055,kick,2
kick_212.wav,0.3278,-55.9095,kick,2
kick_213.wav,1.3929,-66.4364,kick,2
kick_214.wav,0.28,-57.1694,kick,2
kick_215.wav,1.2332,-71.0596,kick,2
kick_216.wav,1.2052,-66.1592,kick,2
kick_217.wav,1.0308,-74.4379,kick,2
kick_218.wav,1.2209,-64.1994,kick,2
kick_219.wav,1.4581,-69.7226,kick,2
kick_220.wav,1.4083,-63.0572,kick,2
kick_221.wav,1.8193,-69.4057,kick,2
kick_222.wav,0.9672,-72.9157,kick,2
kick_223.wav,1.5,-55.0525,kick,2
kick_224.wav,0.2166,-60.277,kick,2
kick_225.wav,1.7149,-76.4968,kick,2
kick_226.wav,1.0958,-72.765,kick,2
kick_227.wav,1.2461,-65.6627,kick,2
kick_228.wav,1.6498,-61.1788,kick,2
kick_229.wav,1.6342,-76.1739,kick,2
kick_230.wav,1.9201,-74.6757,kick,2
kick_231.wav,1.0503,-69.372,kick,2
kick_232.wav,1.0153,-70.1809,kick,2
kick_233.wav,0.3147,-53.4946,kick,2
kick_234.wav,0.3519,-63.9008,kick,2
kick_235.wav,0.2702,-59.2669,kick,2
kick_236.wav,0.3101,-54.7533,kick,2
kick_237.wav,0.3184,-59.4494,kick,2
kick_238.wav,0.9867,-72.6655,kick,2
kick_239.wav,0.3576,-52.0981,kick,2
kick_240.wav,0.3542,-62.2085,kick,2
kick_241.wav,1.2901,-62.583,kick,2
kick_242.wav,1.8707,-70.1006,kick,2
kick_243.wav,1.031,-68.2495,kick,2
kick_244.wav,2.0654,-73.7012,kick,2
kick_245.wav,0.9128,-68.6894,kick,2
kick_246.wav,0.2759,-51.4584,kick,2
kick_247.wav,0.9061,-71.2984,kick,2
kick_248.wav,0.9831,-72.1519,kick,2
kick_249.wav,0.3618,-51.9159,kick,2
kick_250.wav,0.3373,-56.4137,kick,2
snare_001.wav,0.4967,-64.5287,snare,0
snare_002.wav,0.4295,-73.2692,snare,0
snare_003.wav,1.1923,-64.2108,snare,0
snare_004.wav,0.6917,-63.4963,snare,0
snare_005.wav,0.4973,-66.7025,snare,0
snare_006.wav,0.7687,-64.9533,snare,0
snare_007.wav,0.1732,-62.4801,snare,0
snare_008.wav,0.7351,-70.7567,snare,0
snare_009.wav,0.8652,-71.1168,snare,0
snare_010.wav,0.5206,-68.6935,snare,0
snare_011.wav,0.2467,-58.2117,snare,0
snare_012.wav,0.42,-64.3527,snare,0
snare_013.wav,0.428,-67.9275,snare,0
snare_014.wav,0.6671,-60.6557,snare,0
snare_015.wav,0.6708,-66.9186,snare,0
snare_016.wav,0.6139,-71.2135,snare,0
snare_017.wav,0.2962,-65.9588,snare,0
snare_018.wav,1.059,-70.0351,snare,0
snare_019.wav,0.1362,-55.4628,snare,0
snare_020.wav,0.5034,-62.7267,snare,0
snare_021.wav,0.9259,-69.0159,snare,0
snare_022.wav,2.3445,-75.5693,snare,0
snare_023.wav,0.8581,-65.1764,snare,0
snare_024.wav,0.6,-64.699,snare,0
snare_025.wav,0.4614,-63.0761,snare,0
snare_026.wav,0.1531,-65.8039,snare,0
snare_027.wav,0.6895,-60.7117,snare,0
snare_028.wav,0.8179,-67.7608,snare,0
snare_029.wav,0.8467,-60.8014,snare,0
snare_030.wav,0.1133,-50.7192,snare,0
snare_031.wav,0.2323,-58.4904,snare,0
snare_032.wav,0.569,-63.7473,snare,0
snare_033.wav,0.8291,-65.5592,snare,0
snare_034.wav,0.8291,-65.2261,snare,0
snare_035.wav,0.3281,-63.3448,snare,0
snare_036.wav,0.9088,-66.3692,snare,0
snare_037.wav,0.1329,-63.78,snare,0
snare_038.wav,0.1646,-62.4104,snare,0
snare_039.wav,1.3082,-67.3366,snare,0
snare_040.wav,0.8135,-67.9738,snare,0
snare_041.wav,0.8135,-67.372,snare,0
snare_042.wav,0.9239,-69.6359,snare,0
snare_043.wav,0.3665,-64.8876,snare,0
snare_044.wav,0.5905,-66.6797,snare,0
snare_045.wav,1.3517,-73.1289,snare,0
snare_046.wav,0.8,-66.9734,snare,0
snare_047.wav,1.8265,-69.0839,snare,0
snare_048.wav,1.5049,-70.0627,snare,0
snare_049.wav,1.6712,-70.3171,snare,0
snare_050.wav,0.2983,-62.0977,snare,0
snare_051.wav,0.1575,-61.2193,snare,0
snare_052.wav,0.4793,-69.3914,snare,0
snare_053.wav,1.0794,-70.0408,snare,0
snare_054.wav,0.2777,-65.8238,snare,0
snare_055.wav,0.1643,-52.5403,snare,0
snare_056.wav,1.1348,-63.9975,snare,0
snare_057.wav,0.4594,-66.8675,snare,0
snare_058.wav,0.9924,-60.5962,snare,0
snare_059.wav,1.4442,-70.2045,snare,0
snare_060.wav,0.931,-63.2339,snare,0
snare_061.wav,0.981,-63.3242,snare,0
snare_062.wav,0.5231,-56.8259,snare,0
snare_063.wav,0.4777,-55.6806,snare,0
snare_064.wav,1.375,-62.8432,snare,0
snare_065.wav,0.3632,-62.2969,snare,0
snare_066.wav,0.4617,-67.9567,snare,0
snare_067.wav,0.3329,-56.4227,snare,0
snare_068.wav,0.6598,-60.1517,snare,0
snare_069.wav,1.4293,-70.6528,snare,0
snare_070.wav,1.3437,-71.81,snare,0
snare_071.wav,0.9268,-71.3004,snare,0
snare_072.wav,0.2712,-63.3086,snare,0
snare_073.wav,0.3275,-51.6819,snare,0
snare_074.wav,0.7489,-64.0381,snare,0
snare_075.wav,0.764,-66.6308,snare,0
snare_076.wav,0.9712,-71.6543,snare,0
snare_077.wav,0.3034,-60.4573,snare,0
snare_078.wav,0.6865,-62.3562,snare,0
snare_079.wav,0.1783,-58.5805,snare,0
snare_080.wav,0.6359,-64.2771,snare,0
snare_081.wav,0.2656,-57.2147,snare,0
snare_082.wav,0.6288,-63.3349,snare,0
snare_083.wav,0.9829,-70.0128,snare,0
snare_084.wav,0.3997,-63.6055,snare,0
snare_085.wav,1.0437,-62.5811,snare,0
snare_086.wav,0.1733,-62.3033,snare,0
snare_087.wav,0.2021,-54.4036,snare,0
snare_088.wav,0.9491,-71.6666,snare,0
snare_089.wav,0.5892,-56.655,snare,0
snare_090.wav,0.3219,-59.889,snare,0
snare_091.wav,0.428,-65.2916,snare,0
snare_092.wav,0.309,-62.1371,snare,0
snare_093.wav,0.3357,-59.2293,snare,0
snare_094.wav,0.2535,-57.2927,snare,0
snare_095.wav,0.3004,-59.5944,snare,0
snare_096.wav,0.2647,-59.3194,snare,0
snare_097.wav,0.2576,-61.2121,snare,0
snare_098.wav,0.1766,-59.3255,snare,0
snare_099.wav,0.7254,-60.4442,snare,0
snare_100.wav,0.2483,-53.388,snare,0
snare_101.wav,0.0961,-55.8942,snare,0
snare_102.wav,0.2,-55.9956,snare,0
snare_103.wav,0.6871,-65.1721,snare,0
snare_104.wav,0.1292,-48.9102,snare,0
snare_105.wav,0.55,-59.2465,snare,0
snare_106.wav,0.1843,-53.4476,snare,0
snare_107.wav,0.6417,-62.2505,snare,0
snare_108.wav,0.5512,-61.7431,snare,0
snare_109.wav,1.0153,-65.0524,snare,0
snare_110.wav,1.3219,-59.1667,snare,0
snare_111.wav,1.5562,-62.5824,snare,0
snare_112.wav,0.7006,-66.7617,snare,0
snare_113.wav,0.214,-59.0359,snare,0
snare_114.wav,0.1922,-54.628,snare,0
snare_115.wav,0.1897,-61.752,snare,0
snare_116.wav,0.9764,-67.0898,snare,0
snare_117.wav,1.314,-69.8965,snare,0
snare_118.wav,0.8958,-67.8251,snare,0
snare_119.wav,0.9919,-66.1782,snare,0
snare_120.wav,0.36,-57.811,snare,0
snare_121.wav,0.9815,-65.5505,snare,0
snare_122.wav,0.457,-65.8424,snare,0
snare_123.wav,0.5269,-58.0945,snare,0
snare_124.wav,0.1298,-58.1039,snare,0
snare_125.wav,0.6235,-70.2309,snare,0
snare_126.wav,0.4074,-60.3481,snare,0
snare_127.wav,0.4313,-57.2473,snare,0
snare_128.wav,0.5456,-62.4252,snare,0
snare_129.wav,1.91,-38.7933,snare,0
snare_130.wav,0.337,-65.1794,snare,0
snare_131.wav,0.3281,-66.4204,snare,0
snare_132.wav,0.4053,-62.4185,snare,0
snare_133.wav,0.6532,-69.8905,snare,0
snare_134.wav,2.9625,-77.2797,snare,0
snare_135.wav,0.3833,-61.4663,snare,0
snare_136.wav,0.3036,-58.1093,snare,0
snare_137.wav,1.375,-66.7151,snare,0
snare_138.wav,1.4154,-71.4943,snare,0
snare_139.wav,1.1047,-70.2341,snare,0
snare_140.wav,0.5092,-69.2246,snare,0
snare_141.wav,0.5534,-63.69,snare,0
snare_142.wav,0.2016,-65.5197,snare,0
snare_143.wav,0.2623,-53.7098,snare,0
snare_144.wav,0.4083,-56.138,snare,0
snare_145.wav,0.4227,-59.7865,snare,0
snare_146.wav,0.2444,-59.6561,snare,0
snare_147.wav,0.6027,-66.8084,snare,0
snare_148.wav,0.6999,-60.5432,snare,0
snare_149.wav,0.3227,-67.8969,snare,0
snare_150.wav,0.1411,-58.5028,snare,0
snare_151.wav,0.1673,-51.8269,snare,0
snare_152.wav,0.3352,-60.7019,snare,0
snare_153.wav,0.3207,-59.6807,snare,0
snare_154.wav,0.4724,-60.5341,snare,0
snare_155.wav,0.3328,-66.0854,snare,0
snare_156.wav,0.1328,-54.0594,snare,0
snare_157.wav,0.338,-60.4407,snare,0
snare_158.wav,0.1739,-62.9851,snare,0
snare_159.wav,0.1898,-59.0216,snare,0
snare_160.wav,0.4904,-63.2539,snare,0
snare_161.wav,0.1912,-66.8511,snare,0
snare_162.wav,0.1861,-60.5894,snare,0
snare_163.wav,0.2081,-56.8554,snare,0
snare_164.wav,0.2463,-55.7601,snare,0
snare_165.wav,0.4278,-61.2405,snare,0
snare_166.wav,0.4398,-57.9017,snare,0
snare_167.wav,0.2815,-59.1171,snare,0
snare_168.wav,1.1538,-71.2188,snare,0
snare_169.wav,0.28,-59.4237,snare,0
snare_170.wav,0.3824,-53.6582,snare,0
snare_171.wav,0.1876,-55.6918,snare,0
snare_172.wav,0.3599,-66.0803,snare,0
snare_173.wav,0.2213,-59.692,snare,0
snare_174.wav,0.5039,-60.0276,snare,0
snare_175.wav,0.2264,-59.2359,snare,0
snare_176.wav,0.3019,-64.334,snare,0
snare_177.wav,0.2929,-62.3834,snare,0
snare_178.wav,0.2125,-56.7972,snare,0
snare_179.wav,0.4667,-64.1556,snare,0
snare_180.wav,0.3488,-50.8071,snare,0
snare_181.wav,0.2236,-53.0918,snare,0
snare_182.wav,0.3393,-64.9895,snare,0
snare_183.wav,0.1956,-64.873,snare,0
snare_184.wav,0.6198,-62.0186,snare,0
snare_185.wav,0.2879,-68.4222,snare,0
snare_186.wav,0.3196,-72.7969,snare,0
snare_187.wav,0.3711,-60.7889,snare,0
snare_188.wav,0.3412,-57.8747,snare,0
snare_189.wav,0.3144,-54.9823,snare,0
snare_190.wav,0.1217,-60.6063,snare,0
snare_191.wav,0.4125,-66.4656,snare,0
snare_192.wav,0.1647,-59.8004,snare,0
snare_193.wav,0.3144,-59.2224,snare,0
snare_194.wav,0.3273,-63.7101,snare,0
snare_195.wav,0.3597,-60.6661,snare,0
snare_196.wav,0.3597,-59.3379,snare,0
snare_197.wav,0.153,-57.8125,snare,0
snare_198.wav,0.1932,-56.6617,snare,0
snare_199.wav,0.2007,-57.7626,snare,0
snare_200.wav,0.3421,-59.3404,snare,0
snare_201.wav,0.1284,-56.8363,snare,0
snare_202.wav,0.2673,-46.4706,snare,0
snare_203.wav,0.459,-70.3803,snare,0
snare_204.wav,0.3711,-58.3719,snare,0
snare_205.wav,0.2754,-59.2666,snare,0
snare_206.wav,0.3824,-57.767,snare,0
snare_207.wav,0.3435,-71.7853,snare,0
snare_208.wav,0.3616,-64.1149,snare,0
snare_209.wav,0.382,-59.437,snare,0
snare_210.wav,0.4054,-60.8944,snare,0
snare_211.wav,0.4149,-71.1346,snare,0
snare_212.wav,0.6449,-59.5092,snare,0
snare_213.wav,0.2745,-67.2885,snare,0
snare_214.wav,0.9266,-58.4816,snare,0
snare_215.wav,0.2646,-59.4703,snare,0
snare_216.wav,0.306,-58.2899,snare,0
snare_217.wav,0.3548,-62.0253,snare,0
snare_218.wav,0.3597,-60.5121,snare,0
snare_219.wav,0.4731,-61.1777,snare,0
snare_220.wav,0.2126,-58.7825,snare,0
snare_221.wav,0.1866,-55.9239,snare,0
snare_222.wav,0.1785,-66.2606,snare,0
snare_223.wav,0.73,-62.1369,snare,0
snare_224.wav,0.5635,-68.6256,snare,0
snare_225.wav,0.269,-59.2439,snare,0
snare_226.wav,0.2105,-56.8443,snare,0
snare_227.wav,0.1926,-60.4135,snare,0
snare_228.wav,0.1262,-59.8925,snare,0
snare_229.wav,0.2871,-57.6525,snare,0
snare_230.wav,0.3597,-64.8425,snare,0
snare_231.wav,0.3711,-60.8567,snare,0
snare_232.wav,0.4731,-54.4548,snare,0
snare_233.wav,0.4352,-71.3863,snare,0
snare_234.wav,0.4201,-57.4145,snare,0
snare_235.wav,0.768,-66.4847,snare,0
snare_236.wav,0.1901,-57.1182,snare,0
snare_237.wav,0.28,-64.4141,snare,0
snare_238.wav,0.1959,-64.1514,snare,0
snare_239.wav,0.3937,-58.5909,snare,0
snare_240.wav,0.2625,-60.681,snare,0
snare_241.wav,0.3463,-66.1829,snare,0
snare_242.wav,0.5206,-55.1212,snare,0
snare_243.wav,0.3521,-66.0372,snare,0
snare_244.wav,0.2978,-58.1575,snare,0
snare_245.wav,0.3367,-58.3728,snare,0
snare_246.wav,1.4849,-67.9766,snare,0
snare_247.wav,0.2347,-57.3583,snare,0
snare_248.wav,0.2842,-59.4673,snare,0
snare_249.wav,0.3278,-57.3622,snare,0
snare_250.wav,0.3486,-63.5106,snare,0
